{
    "name": "root",
    "metadata": {
        "timer_format_version": "0.1.0",
        "start_time_seconds": "1627583740",
        "python_version": "3.9.5 (tags/v3.9.5:0a7dcbd, May  3 2021, 17:27:52) [MSC v.1928 64 bit (AMD64)]",
        "command_line_arguments": "E:\\ml-agents-main\\venv\\Scripts\\mlagents-learn config/poca/DungeonEscape.yaml --run-id Trial_18",
        "mlagents_version": "0.26.0",
        "mlagents_envs_version": "0.26.0",
        "communication_protocol_version": "1.5.0",
        "pytorch_version": "1.8.1+cu111",
        "numpy_version": "1.20.3",
        "end_time_seconds": "1627583747"
    },
    "total": 7.431318900000001,
    "count": 1,
    "self": 0.007162600000000019,
    "children": {
        "run_training.setup": {
            "total": 0.11466869999999996,
            "count": 1,
            "self": 0.11466869999999996
        },
        "TrainerController.start_learning": {
            "total": 7.309487600000001,
            "count": 1,
            "self": 0.0001511000000009588,
            "children": {
                "TrainerController._reset_env": {
                    "total": 6.4794759,
                    "count": 1,
                    "self": 6.4794759
                },
                "TrainerController.advance": {
                    "total": 0.7327709000000002,
                    "count": 1,
                    "self": 5.999999999950489e-06,
                    "children": {
                        "env_step": {
                            "total": 0.7327649000000003,
                            "count": 1,
                            "self": 0.000414900000000884,
                            "children": {
                                "SubprocessEnvManager._take_step": {
                                    "total": 0.7323499999999994,
                                    "count": 1,
                                    "self": 4.05999999992801e-05,
                                    "children": {
                                        "TorchPolicy.evaluate": {
                                            "total": 0.7323094000000001,
                                            "count": 1,
                                            "self": 0.0004282000000008779,
                                            "children": {
                                                "TorchPolicy.sample_actions": {
                                                    "total": 0.7318811999999992,
                                                    "count": 1,
                                                    "self": 0.7318811999999992
                                                }
                                            }
                                        }
                                    }
                                }
                            }
                        }
                    }
                },
                "TrainerController._save_models": {
                    "total": 0.09708969999999972,
                    "count": 1,
                    "self": 2.1600000000177033e-05,
                    "children": {
                        "RLTrainer._checkpoint": {
                            "total": 0.09706809999999955,
                            "count": 1,
                            "self": 0.09706809999999955
                        }
                    }
                }
            }
        }
    }
}